{
  "input_files": [
    "E:\\Users\\Aaron\\Seafile\\GSPCD_Science\\8025-NMR Thermometry\\ethylene-glycol-phantom-thermometry\\data\\1.5T\\Spirit_run6_35_1_gre_brain_therm_TE179_20250917143457_AdjGre_1.nii.gz",
    "E:\\Users\\Aaron\\Seafile\\GSPCD_Science\\8025-NMR Thermometry\\ethylene-glycol-phantom-thermometry\\data\\1.5T\\Spirit_run6_36_1_gre_brain_therm_TE268_20250917143457_AdjGre_1.nii.gz"
  ],
  "segmentation_file": "E:\\Users\\Aaron\\Seafile\\GSPCD_Science\\8025-NMR Thermometry\\ethylene-glycol-phantom-thermometry\\data\\1.5T\\segmentation.nii.gz",
  "output_file": "E:\\Users\\Aaron\\Seafile\\GSPCD_Science\\8025-NMR Thermometry\\ethylene-glycol-phantom-thermometry\\data\\1.5T\\run-06_thermometry_temperature_map.nii.gz",
  "magnetic_field_tesla": 1.495853526688799,
  "analysis_method": "regionwise_bootstrap",
  "n_bootstrap": 100,
  "echo_times": [
    0.0017900000000000001,
    0.00268,
    0.00417,
    0.005059999999999999,
    0.006549999999999999,
    0.00744,
    0.00893,
    0.00982,
    0.01131,
    0.012199999999999999,
    0.013689999999999999,
    0.01458,
    0.01607,
    0.01696,
    0.018449999999999998,
    0.01934,
    0.020829999999999998,
    0.02172,
    0.02321,
    0.0241,
    0.025589999999999998,
    0.02648,
    0.02797,
    0.02886
  ],
  "report": [
    {
      "id": 1,
      "temperature": 16.554747867280227,
      "temperature_uncertainty": [
        1.8618664717319338,
        1
      ],
      "r_squared": [
        0.9642710524803718,
        0.9813604348326743,
        0.9090024349455413,
        0.9939062707183817,
        0.9090024349455413,
        0.9944300596290773,
        0.9868833834038343,
        0.9702484639806009,
        0.9845083829047343,
        0.9845083829047343,
        0.9958722096453105,
        0.9888229920959715,
        0.9955526975617736,
        0.9955526975617736,
        0.9642710524803718,
        0.9148449699288652,
        0.9090024349455413,
        0.9090024349455413,
        0.9963290863060406,
        0.9944300596290773,
        0.9963290863060406,
        0.9840955754450473,
        0.9963290863060406,
        0.7803966075671691,
        0.9888229920959715,
        0.7294082229604089,
        0.9724800934245236,
        0.9944300596290773,
        0.9642710524803718,
        0.9510491167526813,
        0.9813604348326743,
        0.9958722096453105,
        0.8504338136981887,
        0.9148449699288652,
        0.9815979185584758,
        0.9963587248145831,
        0.9955526975617736,
        0.9963290863060406,
        0.9845083829047343,
        0.9963587248145831,
        0.9815210125169477,
        0.7294082229604089,
        0.9909372472156492,
        0.9963290863060406,
        0.9724800934245236,
        0.9724800934245236,
        0.9702484639806009,
        0.9888229920959715,
        0.9958722096453105,
        0.9813604348326743,
        0.9090024349455413,
        0.7803966075671691,
        0.9939062707183817,
        0.7803966075671691,
        0.9642710524803718,
        0.6863565551598284,
        0.9090024349455413,
        0.9963290863060406,
        0.9813604348326743,
        0.9963290863060406,
        0.9944300596290773,
        0.9888229920959715,
        0.9891705435463433,
        0.9567767202170786,
        0.9909372472156492,
        0.9090024349455413,
        0.9939062707183817,
        0.9510491167526813,
        0.8504338136981887,
        0.9891705435463433,
        0.9963290863060406,
        0.9944300596290773,
        0.9845083829047343,
        0.8504338136981887,
        0.9958722096453105,
        0.9702484639806009,
        0.9839550407913494,
        0.9840955754450473,
        0.9642710524803718,
        0.9955526975617736,
        0.9891705435463433,
        0.7294082229604089,
        0.9090024349455413,
        0.9888229920959715,
        0.9891705435463433,
        0.9840955754450473,
        0.9813604348326743,
        0.9642710524803718,
        0.9891705435463433,
        0.9888229920959715,
        0.9891705435463433,
        0.9811165112477269,
        0.9815210125169477,
        0.9813604348326743,
        0.9909372472156492,
        0.9888229920959715,
        0.9148449699288652,
        0.7294082229604089,
        0.9724800934245236,
        0.9963290863060406
      ],
      "region_size": 4,
      "region_temperature_values": [
        16.36628146234429,
        14.438089444843854,
        14.860984873127165,
        14.742042607817751,
        14.860984873127165,
        16.17855644743213,
        14.103138793987199,
        20.90411655300099,
        19.062057413528635,
        19.062057413528635,
        15.038117541349692,
        16.624534521151475,
        16.77396779422088,
        16.77396779422088,
        16.36628146234429,
        16.303884301924228,
        14.860984873127165,
        14.860984873127165,
        15.449158220752764,
        16.17855644743213,
        15.449158220752764,
        18.799326312832363,
        15.449158220752764,
        24.59069599236267,
        16.624534521151475,
        20.385777751704467,
        20.82419135036477,
        16.17855644743213,
        16.36628146234429,
        14.228153365250705,
        14.438089444843854,
        15.038117541349692,
        14.893944751149377,
        16.303884301924228,
        15.176651068408745,
        14.456425234574283,
        16.77396779422088,
        15.449158220752764,
        19.062057413528635,
        14.456425234574283,
        18.194653297427152,
        20.385777751704467,
        17.614965440695556,
        15.449158220752764,
        20.82419135036477,
        20.82419135036477,
        20.90411655300099,
        16.624534521151475,
        15.038117541349692,
        14.438089444843854,
        14.860984873127165,
        24.59069599236267,
        14.742042607817751,
        24.59069599236267,
        16.36628146234429,
        23.828835658420303,
        14.860984873127165,
        15.449158220752764,
        14.438089444843854,
        15.449158220752764,
        16.17855644743213,
        16.624534521151475,
        17.786661794875442,
        15.08245679489832,
        17.614965440695556,
        14.860984873127165,
        14.742042607817751,
        14.228153365250705,
        14.893944751149377,
        17.786661794875442,
        15.449158220752764,
        16.17855644743213,
        19.062057413528635,
        14.893944751149377,
        15.038117541349692,
        20.90411655300099,
        16.9654362792279,
        18.799326312832363,
        16.36628146234429,
        16.77396779422088,
        17.786661794875442,
        20.385777751704467,
        14.860984873127165,
        16.624534521151475,
        17.786661794875442,
        18.799326312832363,
        14.438089444843854,
        16.36628146234429,
        17.786661794875442,
        16.624534521151475,
        17.786661794875442,
        19.65904834085063,
        18.194653297427152,
        14.438089444843854,
        17.614965440695556,
        16.624534521151475,
        16.303884301924228,
        20.385777751704467,
        20.82419135036477,
        15.449158220752764
      ],