{
  "input_files": [
    "E:\\Users\\Aaron\\Seafile\\GSPCD_Science\\8025-NMR Thermometry\\ethylene-glycol-phantom-thermometry\\data\\1.5T\\Meas_01_final_69_1_gre_brain_therm_TE179_20250917121120_AdjGre_1.nii.gz",
    "E:\\Users\\Aaron\\Seafile\\GSPCD_Science\\8025-NMR Thermometry\\ethylene-glycol-phantom-thermometry\\data\\1.5T\\Meas_01_final_70_1_gre_brain_therm_TE268_20250917121120_AdjGre_1.nii.gz"
  ],
  "segmentation_file": "E:\\Users\\Aaron\\Seafile\\GSPCD_Science\\8025-NMR Thermometry\\ethylene-glycol-phantom-thermometry\\data\\1.5T\\segmentation.nii.gz",
  "output_file": "E:\\Users\\Aaron\\Seafile\\GSPCD_Science\\8025-NMR Thermometry\\ethylene-glycol-phantom-thermometry\\data\\1.5T\\run-02_thermometry_temperature_map.nii.gz",
  "magnetic_field_tesla": 1.4958534562290142,
  "analysis_method": "regionwise_bootstrap",
  "n_bootstrap": 100,
  "echo_times": [
    0.0017900000000000001,
    0.00268,
    0.00417,
    0.005059999999999999,
    0.006549999999999999,
    0.00744,
    0.00893,
    0.00982,
    0.01131,
    0.012199999999999999,
    0.013689999999999999,
    0.01458,
    0.01607,
    0.01696,
    0.018449999999999998,
    0.01934,
    0.020829999999999998,
    0.02172,
    0.02321,
    0.0241,
    0.025589999999999998,
    0.02648,
    0.02797,
    0.02886
  ],
  "report": [
    {
      "id": 1,
      "temperature": 15.892722670437506,
      "temperature_uncertainty": [
        0.5053221947034809,
        1
      ],
      "r_squared": [
        0.9874541939742033,
        0.9908743418878851,
        0.9878744537478745,
        0.9905693609773125,
        0.9878744537478745,
        0.9921908126195318,
        0.9918736513591317,
        0.9856984263918197,
        0.9896472994225729,
        0.9896472994225729,
        0.9921413470410734,
        0.9892894444945751,
        0.9926167280985898,
        0.9926167280985898,
        0.9874541939742033,
        0.9872836431434852,
        0.9878744537478745,
        0.9878744537478745,
        0.9909457831105124,
        0.9921908126195318,
        0.9909457831105124,
        0.9924661386066592,
        0.9909457831105124,
        0.9816186264154029,
        0.9892894444945751,
        0.9829391355373778,
        0.9883634893826393,
        0.9921908126195318,
        0.9874541939742033,
        0.9905959790180092,
        0.9908743418878851,
        0.9921413470410734,
        0.9877342023895405,
        0.9872836431434852,
        0.9906354369184928,
        0.9923061151756596,
        0.9926167280985898,
        0.9909457831105124,
        0.9896472994225729,
        0.9923061151756596,
        0.991571938796507,
        0.9829391355373778,
        0.9912141298262404,
        0.9909457831105124,
        0.9883634893826393,
        0.9883634893826393,
        0.9856984263918197,
        0.9892894444945751,
        0.9921413470410734,
        0.9908743418878851,
        0.9878744537478745,
        0.9816186264154029,
        0.9905693609773125,
        0.9816186264154029,
        0.9874541939742033,
        0.9829074993937845,
        0.9878744537478745,
        0.9909457831105124,
        0.9908743418878851,
        0.9909457831105124,
        0.9921908126195318,
        0.9892894444945751,
        0.9905874992966925,
        0.9873924828561188,
        0.9912141298262404,
        0.9878744537478745,
        0.9905693609773125,
        0.9905959790180092,
        0.9877342023895405,
        0.9905874992966925,
        0.9909457831105124,
        0.9921908126195318,
        0.9896472994225729,
        0.9877342023895405,
        0.9921413470410734,
        0.9856984263918197,
        0.9897304318362495,
        0.9924661386066592,
        0.9874541939742033,
        0.9926167280985898,
        0.9905874992966925,
        0.9829391355373778,
        0.9878744537478745,
        0.9892894444945751,
        0.9905874992966925,
        0.9924661386066592,
        0.9908743418878851,
        0.9874541939742033,
        0.9905874992966925,
        0.9892894444945751,
        0.9905874992966925,
        0.9917469648029247,
        0.991571938796507,
        0.9908743418878851,
        0.9912141298262404,
        0.9892894444945751,
        0.9872836431434852,
        0.9829391355373778,
        0.9883634893826393,
        0.9909457831105124
      ],
      "region_size": 4,
      "region_temperature_values": [
        15.654764988592092,
        16.461563376102248,
        16.32488344025799,
        16.223028178924636,
        16.32488344025799,
        16.355724144629733,
        16.823257237576996,
        14.616166018004662,
        15.139846249821801,
        15.139846249821801,
        16.233284543730946,
        15.385442314967804,
        15.994701961226838,
        15.994701961226838,
        15.654764988592092,
        15.910838356264492,
        16.32488344025799,
        16.32488344025799,
        15.833060766170348,
        16.355724144629733,
        15.833060766170348,
        15.763484482912503,
        15.833060766170348,
        15.722536375945879,
        15.385442314967804,
        16.174320474365857,
        14.865431211502482,
        16.355724144629733,
        15.654764988592092,
        16.707483646092953,
        16.461563376102248,
        16.233284543730946,
        16.58018495867708,
        15.910838356264492,
        16.080197506726762,
        16.586159916865256,
        15.994701961226838,
        15.833060766170348,
        15.139846249821801,
        16.586159916865256,
        16.13194718931601,
        16.174320474365857,
        15.582687941942652,
        15.833060766170348,
        14.865431211502482,
        14.865431211502482,
        14.616166018004662,
        15.385442314967804,
        16.233284543730946,
        16.461563376102248,
        16.32488344025799,
        15.722536375945879,
        16.223028178924636,
        15.722536375945879,
        15.654764988592092,
        16.439560167437406,
        16.32488344025799,
        15.833060766170348,
        16.461563376102248,
        15.833060766170348,
        16.355724144629733,
        15.385442314967804,
        15.59417751232587,
        16.07783072033706,
        15.582687941942652,
        16.32488344025799,
        16.223028178924636,
        16.707483646092953,
        16.58018495867708,
        15.59417751232587,
        15.833060766170348,
        16.355724144629733,
        15.139846249821801,
        16.58018495867708,
        16.233284543730946,
        14.616166018004662,
        15.991888429333159,
        15.763484482912503,
        15.654764988592092,
        15.994701961226838,
        15.59417751232587,
        16.174320474365857,
        16.32488344025799,
        15.385442314967804,
        15.59417751232587,
        15.763484482912503,
        16.461563376102248,
        15.654764988592092,
        15.59417751232587,
        15.385442314967804,
        15.59417751232587,
        15.344868169541627,
        16.13194718931601,
        16.461563376102248,
        15.582687941942652,
        15.385442314967804,
        15.910838356264492,
        16.174320474365857,
        14.865431211502482,
        15.833060766170348
      ],