{
  "input_files": [
    "E:\\Users\\Aaron\\Seafile\\GSPCD_Science\\8025-NMR Thermometry\\ethylene-glycol-phantom-thermometry\\data\\1.5T\\Spirit_run3_34_1_gre_brain_therm_TE179_20250917124207_AdjGre_1.nii.gz",
    "E:\\Users\\Aaron\\Seafile\\GSPCD_Science\\8025-NMR Thermometry\\ethylene-glycol-phantom-thermometry\\data\\1.5T\\Spirit_run3_35_1_gre_brain_therm_TE268_20250917124207_AdjGre_1.nii.gz"
  ],
  "segmentation_file": "E:\\Users\\Aaron\\Seafile\\GSPCD_Science\\8025-NMR Thermometry\\ethylene-glycol-phantom-thermometry\\data\\1.5T\\segmentation.nii.gz",
  "output_file": "E:\\Users\\Aaron\\Seafile\\GSPCD_Science\\8025-NMR Thermometry\\ethylene-glycol-phantom-thermometry\\data\\1.5T\\run-03_thermometry_temperature_map.nii.gz",
  "magnetic_field_tesla": 1.495853761554748,
  "analysis_method": "regionwise_bootstrap",
  "n_bootstrap": 100,
  "echo_times": [
    0.0017900000000000001,
    0.00268,
    0.00417,
    0.005059999999999999,
    0.006549999999999999,
    0.00744,
    0.00893,
    0.00982,
    0.01131,
    0.012199999999999999,
    0.013689999999999999,
    0.01458,
    0.01607,
    0.01696,
    0.018449999999999998,
    0.01934,
    0.020829999999999998,
    0.02172,
    0.02321,
    0.0241,
    0.025589999999999998,
    0.02648,
    0.02797,
    0.02886
  ],
  "report": [
    {
      "id": 1,
      "temperature": 16.249073605929187,
      "temperature_uncertainty": [
        0.5639025450345979,
        1
      ],
      "r_squared": [
        0.9903137066558396,
        0.9871565677988958,
        0.987996367760039,
        0.9880749487896116,
        0.987996367760039,
        0.9869209736352822,
        0.9834619783785365,
        0.9884382288519634,
        0.9906554068814243,
        0.9906554068814243,
        0.9859519720438068,
        0.9894056749032581,
        0.987906552281054,
        0.987906552281054,
        0.9903137066558396,
        0.9895554984134484,
        0.987996367760039,
        0.987996367760039,
        0.9896037021269076,
        0.9869209736352822,
        0.9896037021269076,
        0.9891715599366377,
        0.9896037021269076,
        0.9895947394845702,
        0.9894056749032581,
        0.9875784788928098,
        0.9868548433479258,
        0.9869209736352822,
        0.9903137066558396,
        0.9855488973459516,
        0.9871565677988958,
        0.9859519720438068,
        0.9869513805350784,
        0.9895554984134484,
        0.9881669640356109,
        0.9855017632306226,
        0.987906552281054,
        0.9896037021269076,
        0.9906554068814243,
        0.9855017632306226,
        0.9877404423413689,
        0.9875784788928098,
        0.987299084209447,
        0.9896037021269076,
        0.9868548433479258,
        0.9868548433479258,
        0.9884382288519634,
        0.9894056749032581,
        0.9859519720438068,
        0.9871565677988958,
        0.987996367760039,
        0.9895947394845702,
        0.9880749487896116,
        0.9895947394845702,
        0.9903137066558396,
        0.9872579070608044,
        0.987996367760039,
        0.9896037021269076,
        0.9871565677988958,
        0.9896037021269076,
        0.9869209736352822,
        0.9894056749032581,
        0.9902719686240503,
        0.9882776423653402,
        0.987299084209447,
        0.987996367760039,
        0.9880749487896116,
        0.9855488973459516,
        0.9869513805350784,
        0.9902719686240503,
        0.9896037021269076,
        0.9869209736352822,
        0.9906554068814243,
        0.9869513805350784,
        0.9859519720438068,
        0.9884382288519634,
        0.9883321571401887,
        0.9891715599366377,
        0.9903137066558396,
        0.987906552281054,
        0.9902719686240503,
        0.9875784788928098,
        0.987996367760039,
        0.9894056749032581,
        0.9902719686240503,
        0.9891715599366377,
        0.9871565677988958,
        0.9903137066558396,
        0.9902719686240503,
        0.9894056749032581,
        0.9902719686240503,
        0.9891607355946695,
        0.9877404423413689,
        0.9871565677988958,
        0.987299084209447,
        0.9894056749032581,
        0.9895554984134484,
        0.9875784788928098,
        0.9868548433479258,
        0.9896037021269076
      ],
      "region_size": 4,
      "region_temperature_values": [
        16.247631248476438,
        16.71740917665153,
        16.735515562205393,
        16.925204106687488,
        16.735515562205393,
        16.898575205121148,
        16.51028812568174,
        14.888455025333599,
        15.747298055342469,
        15.747298055342469,
        16.03330423150973,
        15.466548611200977,
        16.255967129853957,
        16.255967129853957,
        16.247631248476438,
        15.982229177584799,
        16.735515562205393,
        16.735515562205393,
        16.248597758083946,
        16.898575205121148,
        16.248597758083946,
        16.475094784400028,
        16.248597758083946,
        15.964400349948278,
        15.466548611200977,
        16.762283512764498,
        14.963364403620915,
        16.898575205121148,
        16.247631248476438,
        16.5061563475453,
        16.71740917665153,
        16.03330423150973,
        16.50618007592942,
        15.982229177584799,
        16.006087009082165,
        16.705695212698856,
        16.255967129853957,
        16.248597758083946,
        15.747298055342469,
        16.705695212698856,
        17.088385930750746,
        16.762283512764498,
        15.518010513974332,
        16.248597758083946,
        14.963364403620915,
        14.963364403620915,
        14.888455025333599,
        15.466548611200977,
        16.03330423150973,
        16.71740917665153,
        16.735515562205393,
        15.964400349948278,
        16.925204106687488,
        15.964400349948278,
        16.247631248476438,
        16.5123665801309,
        16.735515562205393,
        16.248597758083946,
        16.71740917665153,
        16.248597758083946,
        16.898575205121148,
        15.466548611200977,
        16.486270020782655,
        16.960025585568815,
        15.518010513974332,
        16.735515562205393,
        16.925204106687488,
        16.5061563475453,
        16.50618007592942,
        16.486270020782655,
        16.248597758083946,
        16.898575205121148,
        15.747298055342469,
        16.50618007592942,
        16.03330423150973,
        14.888455025333599,
        17.12879752004767,
        16.475094784400028,
        16.247631248476438,
        16.255967129853957,
        16.486270020782655,
        16.762283512764498,
        16.735515562205393,
        15.466548611200977,
        16.486270020782655,
        16.475094784400028,
        16.71740917665153,
        16.247631248476438,
        16.486270020782655,
        15.466548611200977,
        16.486270020782655,
        15.773646056602558,
        17.088385930750746,
        16.71740917665153,
        15.518010513974332,
        15.466548611200977,
        15.982229177584799,
        16.762283512764498,
        14.963364403620915,
        16.248597758083946
      ],