{
  "input_files": [
    "E:\\Users\\Aaron\\Seafile\\GSPCD_Science\\8025-NMR Thermometry\\ethylene-glycol-phantom-thermometry\\data\\1.5T\\Spirit_run5_35_1_gre_brain_therm_TE179_20250917133018_AdjGre_1.nii.gz",
    "E:\\Users\\Aaron\\Seafile\\GSPCD_Science\\8025-NMR Thermometry\\ethylene-glycol-phantom-thermometry\\data\\1.5T\\Spirit_run5_36_1_gre_brain_therm_TE268_20250917133018_AdjGre_1.nii.gz"
  ],
  "segmentation_file": "E:\\Users\\Aaron\\Seafile\\GSPCD_Science\\8025-NMR Thermometry\\ethylene-glycol-phantom-thermometry\\data\\1.5T\\segmentation.nii.gz",
  "output_file": "E:\\Users\\Aaron\\Seafile\\GSPCD_Science\\8025-NMR Thermometry\\ethylene-glycol-phantom-thermometry\\data\\1.5T\\run-05_thermometry_temperature_map.nii.gz",
  "magnetic_field_tesla": 1.4958537850413431,
  "analysis_method": "regionwise_bootstrap",
  "n_bootstrap": 100,
  "echo_times": [
    0.0017900000000000001,
    0.00268,
    0.00417,
    0.005059999999999999,
    0.006549999999999999,
    0.00744,
    0.00893,
    0.00982,
    0.01131,
    0.012199999999999999,
    0.013689999999999999,
    0.01458,
    0.01607,
    0.01696,
    0.018449999999999998,
    0.01934,
    0.020829999999999998,
    0.02172,
    0.02321,
    0.0241,
    0.025589999999999998,
    0.02648,
    0.02797,
    0.02886
  ],
  "report": [
    {
      "id": 1,
      "temperature": 16.742604597595758,
      "temperature_uncertainty": [
        0.467936800271028,
        1
      ],
      "r_squared": [
        0.9904823353118026,
        0.9936964303363773,
        0.9934358555741556,
        0.9923206194575641,
        0.9934358555741556,
        0.9918912253861689,
        0.9909665050421966,
        0.9814749729744793,
        0.9873797950738739,
        0.9873797950738739,
        0.990810444317499,
        0.9888573413706434,
        0.9914742484628859,
        0.9914742484628859,
        0.9904823353118026,
        0.9916458390494788,
        0.9934358555741556,
        0.9934358555741556,
        0.992064821385732,
        0.9918912253861689,
        0.992064821385732,
        0.9899177807735489,
        0.992064821385732,
        0.9879266537587583,
        0.9888573413706434,
        0.9905657585784414,
        0.9832649061243139,
        0.9918912253861689,
        0.9904823353118026,
        0.9927573548093187,
        0.9936964303363773,
        0.990810444317499,
        0.9932179703465933,
        0.9916458390494788,
        0.9921525090336331,
        0.9924019784602083,
        0.9914742484628859,
        0.992064821385732,
        0.9873797950738739,
        0.9924019784602083,
        0.9894405780128418,
        0.9905657585784414,
        0.9885806576947987,
        0.992064821385732,
        0.9832649061243139,
        0.9832649061243139,
        0.9814749729744793,
        0.9888573413706434,
        0.990810444317499,
        0.9936964303363773,
        0.9934358555741556,
        0.9879266537587583,
        0.9923206194575641,
        0.9879266537587583,
        0.9904823353118026,
        0.9913862594847613,
        0.9934358555741556,
        0.992064821385732,
        0.9936964303363773,
        0.992064821385732,
        0.9918912253861689,
        0.9888573413706434,
        0.989316602880717,
        0.9908771426142313,
        0.9885806576947987,
        0.9934358555741556,
        0.9923206194575641,
        0.9927573548093187,
        0.9932179703465933,
        0.989316602880717,
        0.992064821385732,
        0.9918912253861689,
        0.9873797950738739,
        0.9932179703465933,
        0.990810444317499,
        0.9814749729744793,
        0.9886495791845913,
        0.9899177807735489,
        0.9904823353118026,
        0.9914742484628859,
        0.989316602880717,
        0.9905657585784414,
        0.9934358555741556,
        0.9888573413706434,
        0.989316602880717,
        0.9899177807735489,
        0.9936964303363773,
        0.9904823353118026,
        0.989316602880717,
        0.9888573413706434,
        0.989316602880717,
        0.9882078065518427,
        0.9894405780128418,
        0.9936964303363773,
        0.9885806576947987,
        0.9888573413706434,
        0.9916458390494788,
        0.9905657585784414,
        0.9832649061243139,
        0.992064821385732
      ],
      "region_size": 4,
      "region_temperature_values": [
        16.62278095307238,
        16.775408575200544,
        16.54979718986965,
        17.258124556022068,
        16.54979718986965,
        17.43298823321274,
        16.535517648039814,
        16.401315331323218,
        16.923629651252924,
        16.923629651252924,
        16.57062002233701,
        16.360964638292074,
        17.05165726651788,
        17.05165726651788,
        16.62278095307238,
        16.06329294439604,
        16.54979718986965,
        16.54979718986965,
        16.84416072427743,
        17.43298823321274,
        16.84416072427743,
        17.535535216094303,
        16.84416072427743,
        15.792126191696553,
        16.360964638292074,
        16.30894092407314,
        16.651202088019517,
        17.43298823321274,
        16.62278095307238,
        16.295700024361366,
        16.775408575200544,
        16.57062002233701,
        16.034181457705927,
        16.06329294439604,
        16.32602300494716,
        16.982861293107646,
        17.05165726651788,
        16.84416072427743,
        16.923629651252924,
        16.982861293107646,
        17.885949792468978,
        16.30894092407314,
        16.6091398506245,
        16.84416072427743,
        16.651202088019517,
        16.651202088019517,
        16.401315331323218,
        16.360964638292074,
        16.57062002233701,
        16.775408575200544,
        16.54979718986965,
        15.792126191696553,
        17.258124556022068,
        15.792126191696553,
        16.62278095307238,
        15.754444473277431,
        16.54979718986965,
        16.84416072427743,
        16.775408575200544,
        16.84416072427743,
        17.43298823321274,
        16.360964638292074,
        17.365337686375085,
        17.06846203371518,
        16.6091398506245,
        16.54979718986965,
        17.258124556022068,
        16.295700024361366,
        16.034181457705927,
        17.365337686375085,
        16.84416072427743,
        17.43298823321274,
        16.923629651252924,
        16.034181457705927,
        16.57062002233701,
        16.401315331323218,
        17.74398332645572,
        17.535535216094303,
        16.62278095307238,
        17.05165726651788,
        17.365337686375085,
        16.30894092407314,
        16.54979718986965,
        16.360964638292074,
        17.365337686375085,
        17.535535216094303,
        16.775408575200544,
        16.62278095307238,
        17.365337686375085,
        16.360964638292074,
        17.365337686375085,
        17.12897964142462,
        17.885949792468978,
        16.775408575200544,
        16.6091398506245,
        16.360964638292074,
        16.06329294439604,
        16.30894092407314,
        16.651202088019517,
        16.84416072427743
      ],