{
  "input_files": [
    "E:\\Users\\Aaron\\Seafile\\GSPCD_Science\\8025-NMR Thermometry\\ethylene-glycol-phantom-thermometry\\data\\1.5T\\Spirit_run9_35_1_gre_brain_therm_TE179_20250917155957_AdjGre_1.nii.gz",
    "E:\\Users\\Aaron\\Seafile\\GSPCD_Science\\8025-NMR Thermometry\\ethylene-glycol-phantom-thermometry\\data\\1.5T\\Spirit_run9_36_1_gre_brain_therm_TE268_20250917155957_AdjGre_1.nii.gz"
  ],
  "segmentation_file": "E:\\Users\\Aaron\\Seafile\\GSPCD_Science\\8025-NMR Thermometry\\ethylene-glycol-phantom-thermometry\\data\\1.5T\\segmentation.nii.gz",
  "output_file": "E:\\Users\\Aaron\\Seafile\\GSPCD_Science\\8025-NMR Thermometry\\ethylene-glycol-phantom-thermometry\\data\\1.5T\\run-09_thermometry_temperature_map.nii.gz",
  "magnetic_field_tesla": 1.495853761554748,
  "analysis_method": "regionwise_bootstrap",
  "n_bootstrap": 100,
  "echo_times": [
    0.0017900000000000001,
    0.00268,
    0.00417,
    0.005059999999999999,
    0.006549999999999999,
    0.00744,
    0.00893,
    0.00982,
    0.01131,
    0.012199999999999999,
    0.013689999999999999,
    0.01458,
    0.01607,
    0.01696,
    0.018449999999999998,
    0.01934,
    0.020829999999999998,
    0.02172,
    0.02321,
    0.0241,
    0.025589999999999998,
    0.02648,
    0.02797,
    0.02886
  ],
  "report": [
    {
      "id": 1,
      "temperature": 18.288138148352402,
      "temperature_uncertainty": [
        2.4993166573540515,
        1
      ],
      "r_squared": [
        0.9340665821690308,
        0.9534713458254377,
        0.8094349278308903,
        0.9826584760728065,
        0.8094349278308903,
        0.9925803108346394,
        0.9629270052689713,
        0.9697351675345531,
        0.9773542705606848,
        0.9773542705606848,
        0.9919668460184713,
        0.9934779292428804,
        0.9956643851209551,
        0.9956643851209551,
        0.9340665821690308,
        0.8641887203239489,
        0.8094349278308903,
        0.8094349278308903,
        0.9941021166749969,
        0.9925803108346394,
        0.9941021166749969,
        0.9778369219758828,
        0.9941021166749969,
        0.7606498453459901,
        0.9934779292428804,
        0.6752322579572091,
        0.9698602103976934,
        0.9925803108346394,
        0.9340665821690308,
        0.8973751948451099,
        0.9534713458254377,
        0.9919668460184713,
        0.7268964498212147,
        0.8641887203239489,
        0.9665588515110743,
        0.9888591036423923,
        0.9956643851209551,
        0.9941021166749969,
        0.9773542705606848,
        0.9888591036423923,
        0.973152391000795,
        0.6752322579572091,
        0.9928165138849263,
        0.9941021166749969,
        0.9698602103976934,
        0.9698602103976934,
        0.9697351675345531,
        0.9934779292428804,
        0.9919668460184713,
        0.9534713458254377,
        0.8094349278308903,
        0.7606498453459901,
        0.9826584760728065,
        0.7606498453459901,
        0.9340665821690308,
        0.6710333823334274,
        0.8094349278308903,
        0.9941021166749969,
        0.9534713458254377,
        0.9941021166749969,
        0.9925803108346394,
        0.9934779292428804,
        0.9763707019021721,
        0.8850644918203017,
        0.9928165138849263,
        0.8094349278308903,
        0.9826584760728065,
        0.8973751948451099,
        0.7268964498212147,
        0.9763707019021721,
        0.9941021166749969,
        0.9925803108346394,
        0.9773542705606848,
        0.7268964498212147,
        0.9919668460184713,
        0.9697351675345531,
        0.9630298071147849,
        0.9778369219758828,
        0.9340665821690308,
        0.9956643851209551,
        0.9763707019021721,
        0.6752322579572091,
        0.8094349278308903,
        0.9934779292428804,
        0.9763707019021721,
        0.9778369219758828,
        0.9534713458254377,
        0.9340665821690308,
        0.9763707019021721,
        0.9934779292428804,
        0.9763707019021721,
        0.9761579700251101,
        0.973152391000795,
        0.9534713458254377,
        0.9928165138849263,
        0.9934779292428804,
        0.8641887203239489,
        0.6752322579572091,
        0.9698602103976934,
        0.9941021166749969
      ],
      "region_size": 4,
      "region_temperature_values": [
        17.900968214135105,
        15.345140260001443,
        15.501425993512441,
        15.528137554444726,
        15.501425993512441,
        16.173188697800754,
        15.317610841423601,
        24.879858676464863,
        21.817425392817626,
        21.817425392817626,
        16.30538690223196,
        18.884703257004702,
        17.315492435302815,
        17.315492435302815,
        17.900968214135105,
        18.530068291730203,
        15.501425993512441,
        15.501425993512441,
        16.790441850072398,
        16.173188697800754,
        16.790441850072398,
        19.73766451837824,
        16.790441850072398,
        55.467815308292444,
        18.884703257004702,
        78.60648321804555,
        23.163493423867635,
        16.173188697800754,
        17.900968214135105,
        15.331330687139769,
        15.345140260001443,
        16.30538690223196,
        16.378392121078207,
        18.530068291730203,
        16.696578703786287,
        15.424087759348168,
        17.315492435302815,
        16.790441850072398,
        21.817425392817626,
        15.424087759348168,
        18.70929141103869,
        78.60648321804555,
        18.870095355512632,
        16.790441850072398,
        23.163493423867635,
        23.163493423867635,
        24.879858676464863,
        18.884703257004702,
        16.30538690223196,
        15.345140260001443,
        15.501425993512441,
        55.467815308292444,
        15.528137554444726,
        55.467815308292444,
        17.900968214135105,
        77.90875795073659,
        15.501425993512441,
        16.790441850072398,
        15.345140260001443,
        16.790441850072398,
        16.173188697800754,
        18.884703257004702,
        19.49637871772515,
        15.396797851031664,
        18.870095355512632,
        15.501425993512441,
        15.528137554444726,
        15.331330687139769,
        16.378392121078207,
        19.49637871772515,
        16.790441850072398,
        16.173188697800754,
        21.817425392817626,
        16.378392121078207,
        16.30538690223196,
        24.879858676464863,
        18.010254835856188,
        19.73766451837824,
        17.900968214135105,
        17.315492435302815,
        19.49637871772515,
        78.60648321804555,
        15.501425993512441,
        18.884703257004702,
        19.49637871772515,
        19.73766451837824,
        15.345140260001443,
        17.900968214135105,
        19.49637871772515,
        18.884703257004702,
        19.49637871772515,
        21.2369313834501,
        18.70929141103869,
        15.345140260001443,
        18.870095355512632,
        18.884703257004702,
        18.530068291730203,
        78.60648321804555,
        23.163493423867635,
        16.790441850072398
      ],