{
  "input_files": [
    "E:\\Users\\Aaron\\Seafile\\GSPCD_Science\\8025-NMR Thermometry\\ethylene-glycol-phantom-thermometry\\data\\1.5T\\Meas_01_final_35_1_gre_brain_therm_TE179_20250917121120_AdjGre_1.nii.gz",
    "E:\\Users\\Aaron\\Seafile\\GSPCD_Science\\8025-NMR Thermometry\\ethylene-glycol-phantom-thermometry\\data\\1.5T\\Meas_01_final_36_1_gre_brain_therm_TE268_20250917121120_AdjGre_1.nii.gz"
  ],
  "segmentation_file": "E:\\Users\\Aaron\\Seafile\\GSPCD_Science\\8025-NMR Thermometry\\ethylene-glycol-phantom-thermometry\\data\\1.5T\\segmentation.nii.gz",
  "output_file": "E:\\Users\\Aaron\\Seafile\\GSPCD_Science\\8025-NMR Thermometry\\ethylene-glycol-phantom-thermometry\\data\\1.5T\\run-01_thermometry_temperature_map.nii.gz",
  "magnetic_field_tesla": 1.4958534562290142,
  "analysis_method": "regionwise_bootstrap",
  "n_bootstrap": 100,
  "echo_times": [
    0.0017900000000000001,
    0.00268,
    0.00417,
    0.005059999999999999,
    0.006549999999999999,
    0.00744,
    0.00893,
    0.00982,
    0.01131,
    0.012199999999999999,
    0.013689999999999999,
    0.01458,
    0.01607,
    0.01696,
    0.018449999999999998,
    0.01934,
    0.020829999999999998,
    0.02172,
    0.02321,
    0.0241,
    0.025589999999999998,
    0.02648,
    0.02797,
    0.02886
  ],
  "report": [
    {
      "id": 1,
      "temperature": 15.092520454953426,
      "temperature_uncertainty": [
        0.8949093195397118,
        1
      ],
      "r_squared": [
        0.9923363127453215,
        0.9900157870672993,
        0.9898867861141193,
        0.9921714635018577,
        0.9898867861141193,
        0.9908760090833685,
        0.9845559423201536,
        0.9890640400952637,
        0.993317760404424,
        0.993317760404424,
        0.9882117425225081,
        0.9910242978888195,
        0.9915357499390872,
        0.9915357499390872,
        0.9923363127453215,
        0.9894109602549018,
        0.9898867861141193,
        0.9898867861141193,
        0.9928506107452147,
        0.9908760090833685,
        0.9928506107452147,
        0.9931560724678457,
        0.9928506107452147,
        0.9869915243988986,
        0.9910242978888195,
        0.9879827997017976,
        0.9883418762887349,
        0.9908760090833685,
        0.9923363127453215,
        0.986245808966611,
        0.9900157870672993,
        0.9882117425225081,
        0.9862490684304815,
        0.9894109602549018,
        0.9897614432252013,
        0.9885129393102511,
        0.9915357499390872,
        0.9928506107452147,
        0.993317760404424,
        0.9885129393102511,
        0.9918527353660025,
        0.9879827997017976,
        0.9897776241956008,
        0.9928506107452147,
        0.9883418762887349,
        0.9883418762887349,
        0.9890640400952637,
        0.9910242978888195,
        0.9882117425225081,
        0.9900157870672993,
        0.9898867861141193,
        0.9869915243988986,
        0.9921714635018577,
        0.9869915243988986,
        0.9923363127453215,
        0.9844105963102651,
        0.9898867861141193,
        0.9928506107452147,
        0.9900157870672993,
        0.9928506107452147,
        0.9908760090833685,
        0.9910242978888195,
        0.9942215522229229,
        0.991895220173683,
        0.9897776241956008,
        0.9898867861141193,
        0.9921714635018577,
        0.986245808966611,
        0.9862490684304815,
        0.9942215522229229,
        0.9928506107452147,
        0.9908760090833685,
        0.993317760404424,
        0.9862490684304815,
        0.9882117425225081,
        0.9890640400952637,
        0.9929321418705741,
        0.9931560724678457,
        0.9923363127453215,
        0.9915357499390872,
        0.9942215522229229,
        0.9879827997017976,
        0.9898867861141193,
        0.9910242978888195,
        0.9942215522229229,
        0.9931560724678457,
        0.9900157870672993,
        0.9923363127453215,
        0.9942215522229229,
        0.9910242978888195,
        0.9942215522229229,
        0.9923554225025543,
        0.9918527353660025,
        0.9900157870672993,
        0.9897776241956008,
        0.9910242978888195,
        0.9894109602549018,
        0.9879827997017976,
        0.9883418762887349,
        0.9928506107452147
      ],
      "region_size": 4,
      "region_temperature_values": [
        14.48556282003105,
        16.048859335592738,
        15.51518424910904,
        15.908109495477362,
        15.51518424910904,
        16.424255597404795,
        16.75797665194952,
        12.848979315685398,
        13.98580237754419,
        13.98580237754419,
        15.77009911876047,
        14.062271955486437,
        15.626876715611246,
        15.626876715611246,
        14.48556282003105,
        14.589311029147296,
        15.51518424910904,
        15.51518424910904,
        15.056531080889584,
        16.424255597404795,
        15.056531080889584,
        15.5043331778339,
        15.056531080889584,
        13.996957860558183,
        14.062271955486437,
        14.980481588018193,
        13.525717628000393,
        16.424255597404795,
        14.48556282003105,
        16.210435413433686,
        16.048859335592738,
        15.77009911876047,
        15.660028506869509,
        14.589311029147296,
        15.180651891647784,
        16.580782302475114,
        15.626876715611246,
        15.056531080889584,
        13.98580237754419,
        16.580782302475114,
        16.28664747941528,
        14.980481588018193,
        14.695108139007345,
        15.056531080889584,
        13.525717628000393,
        13.525717628000393,
        12.848979315685398,
        14.062271955486437,
        15.77009911876047,
        16.048859335592738,
        15.51518424910904,
        13.996957860558183,
        15.908109495477362,
        13.996957860558183,
        14.48556282003105,
        15.10740963005378,
        15.51518424910904,
        15.056531080889584,
        16.048859335592738,
        15.056531080889584,
        16.424255597404795,
        14.062271955486437,
        14.953150534524127,
        15.391319917301104,
        14.695108139007345,
        15.51518424910904,
        15.908109495477362,
        16.210435413433686,
        15.660028506869509,
        14.953150534524127,
        15.056531080889584,
        16.424255597404795,
        13.98580237754419,
        15.660028506869509,
        15.77009911876047,
        12.848979315685398,
        15.786335965711714,
        15.5043331778339,
        14.48556282003105,
        15.626876715611246,
        14.953150534524127,
        14.980481588018193,
        15.51518424910904,
        14.062271955486437,
        14.953150534524127,
        15.5043331778339,
        16.048859335592738,
        14.48556282003105,
        14.953150534524127,
        14.062271955486437,
        14.953150534524127,
        14.595357225360772,
        16.28664747941528,
        16.048859335592738,
        14.695108139007345,
        14.062271955486437,
        14.589311029147296,
        14.980481588018193,
        13.525717628000393,
        15.056531080889584
      ],