{
  "input_files": [
    "E:\\Users\\Aaron\\Seafile\\GSPCD_Science\\8025-NMR Thermometry\\ethylene-glycol-phantom-thermometry\\data\\1.5T\\Spirit_run7_69_1_gre_brain_therm_TE179_20250917152932_AdjGre_1.nii.gz",
    "E:\\Users\\Aaron\\Seafile\\GSPCD_Science\\8025-NMR Thermometry\\ethylene-glycol-phantom-thermometry\\data\\1.5T\\Spirit_run7_70_1_gre_brain_therm_TE268_20250917152932_AdjGre_1.nii.gz"
  ],
  "segmentation_file": "E:\\Users\\Aaron\\Seafile\\GSPCD_Science\\8025-NMR Thermometry\\ethylene-glycol-phantom-thermometry\\data\\1.5T\\segmentation.nii.gz",
  "output_file": "E:\\Users\\Aaron\\Seafile\\GSPCD_Science\\8025-NMR Thermometry\\ethylene-glycol-phantom-thermometry\\data\\1.5T\\run-08_thermometry_temperature_map.nii.gz",
  "magnetic_field_tesla": 1.4958534797156091,
  "analysis_method": "regionwise_bootstrap",
  "n_bootstrap": 100,
  "echo_times": [
    0.0017900000000000001,
    0.00268,
    0.00417,
    0.005059999999999999,
    0.006549999999999999,
    0.00744,
    0.00893,
    0.00982,
    0.01131,
    0.012199999999999999,
    0.013689999999999999,
    0.01458,
    0.01607,
    0.01696,
    0.018449999999999998,
    0.01934,
    0.020829999999999998,
    0.02172,
    0.02321,
    0.0241,
    0.025589999999999998,
    0.02648,
    0.02797,
    0.02886
  ],
  "report": [
    {
      "id": 1,
      "temperature": 17.806825725756337,
      "temperature_uncertainty": [
        2.613988106363305,
        1
      ],
      "r_squared": [
        0.9429520412678644,
        0.9704143364292672,
        0.8423644104729626,
        0.9909056359121204,
        0.8423644104729626,
        0.9921760818197223,
        0.9803775642966258,
        0.9598068293962208,
        0.9777048882198396,
        0.9777048882198396,
        0.9947816554213182,
        0.9842185690853689,
        0.9940132734648038,
        0.9940132734648038,
        0.9429520412678644,
        0.8627586247403969,
        0.8423644104729626,
        0.8423644104729626,
        0.996207021247493,
        0.9921760818197223,
        0.996207021247493,
        0.9756944213787043,
        0.996207021247493,
        0.7494725485050946,
        0.9842185690853689,
        0.6547373176771628,
        0.9611556784202243,
        0.9921760818197223,
        0.9429520412678644,
        0.9235119184641669,
        0.9704143364292672,
        0.9947816554213182,
        0.7585342920301187,
        0.8627586247403969,
        0.9709127116636561,
        0.9961232753683382,
        0.9940132734648038,
        0.996207021247493,
        0.9777048882198396,
        0.9961232753683382,
        0.970322286646588,
        0.6547373176771628,
        0.9867460351287106,
        0.996207021247493,
        0.9611556784202243,
        0.9611556784202243,
        0.9598068293962208,
        0.9842185690853689,
        0.9947816554213182,
        0.9704143364292672,
        0.8423644104729626,
        0.7494725485050946,
        0.9909056359121204,
        0.7494725485050946,
        0.9429520412678644,
        0.6453956119035265,
        0.8423644104729626,
        0.996207021247493,
        0.9704143364292672,
        0.996207021247493,
        0.9921760818197223,
        0.9842185690853689,
        0.9826768955955161,
        0.9193787752019225,
        0.9867460351287106,
        0.8423644104729626,
        0.9909056359121204,
        0.9235119184641669,
        0.7585342920301187,
        0.9826768955955161,
        0.996207021247493,
        0.9921760818197223,
        0.9777048882198396,
        0.7585342920301187,
        0.9947816554213182,
        0.9598068293962208,
        0.9701539830986562,
        0.9756944213787043,
        0.9429520412678644,
        0.9940132734648038,
        0.9826768955955161,
        0.6547373176771628,
        0.8423644104729626,
        0.9842185690853689,
        0.9826768955955161,
        0.9756944213787043,
        0.9704143364292672,
        0.9429520412678644,
        0.9826768955955161,
        0.9842185690853689,
        0.9826768955955161,
        0.9722180386766759,
        0.970322286646588,
        0.9704143364292672,
        0.9867460351287106,
        0.9842185690853689,
        0.8627586247403969,
        0.6547373176771628,
        0.9611556784202243,
        0.996207021247493
      ],
      "region_size": 4,
      "region_temperature_values": [
        17.91834944907157,
        14.712055295772245,
        15.057970098697552,
        15.177721012659816,
        15.057970098697552,
        16.364612095967317,
        14.376037258063462,
        24.57544074270109,
        21.500637151881193,
        21.500637151881193,
        15.411564038778835,
        17.970010328115848,
        17.155104160374464,
        17.155104160374464,
        17.91834944907157,
        17.73821692179729,
        15.057970098697552,
        15.057970098697552,
        16.29418640730887,
        16.364612095967317,
        16.29418640730887,
        19.821184403446807,
        16.29418640730887,
        54.98237939663787,
        17.970010328115848,
        38.077552118093166,
        22.84300946108894,
        16.364612095967317,
        17.91834944907157,
        14.37717647401314,
        14.712055295772245,
        15.411564038778835,
        14.965514653611194,
        17.73821692179729,
        15.855301125862667,
        14.684756933160884,
        17.155104160374464,
        16.29418640730887,
        21.500637151881193,
        14.684756933160884,
        19.048259536292022,
        38.077552118093166,
        18.360677156357724,
        16.29418640730887,
        22.84300946108894,
        22.84300946108894,
        24.57544074270109,
        17.970010328115848,
        15.411564038778835,
        14.712055295772245,
        15.057970098697552,
        54.98237939663787,
        15.177721012659816,
        54.98237939663787,
        17.91834944907157,
        76.87757153284329,
        15.057970098697552,
        16.29418640730887,
        14.712055295772245,
        16.29418640730887,
        16.364612095967317,
        17.970010328115848,
        19.36999085853958,
        15.538884989258719,
        18.360677156357724,
        15.057970098697552,
        15.177721012659816,
        14.37717647401314,
        14.965514653611194,
        19.36999085853958,
        16.29418640730887,
        16.364612095967317,
        21.500637151881193,
        14.965514653611194,
        15.411564038778835,
        24.57544074270109,
        18.155432933384844,
        19.821184403446807,
        17.91834944907157,
        17.155104160374464,
        19.36999085853958,
        38.077552118093166,
        15.057970098697552,
        17.970010328115848,
        19.36999085853958,
        19.821184403446807,
        14.712055295772245,
        17.91834944907157,
        19.36999085853958,
        17.970010328115848,
        19.36999085853958,
        21.076851158774673,
        19.048259536292022,
        14.712055295772245,
        18.360677156357724,
        17.970010328115848,
        17.73821692179729,
        38.077552118093166,
        22.84300946108894,
        16.29418640730887
      ],