{
  "input_files": [
    "E:\\Users\\Aaron\\Seafile\\GSPCD_Science\\8025-NMR Thermometry\\ethylene-glycol-phantom-thermometry\\data\\1.5T\\Spirit_run4_35_1_gre_brain_therm_TE179_20250917130531_AdjGre_1.nii.gz",
    "E:\\Users\\Aaron\\Seafile\\GSPCD_Science\\8025-NMR Thermometry\\ethylene-glycol-phantom-thermometry\\data\\1.5T\\Spirit_run4_36_1_gre_brain_therm_TE268_20250917130531_AdjGre_1.nii.gz"
  ],
  "segmentation_file": "E:\\Users\\Aaron\\Seafile\\GSPCD_Science\\8025-NMR Thermometry\\ethylene-glycol-phantom-thermometry\\data\\1.5T\\segmentation.nii.gz",
  "output_file": "E:\\Users\\Aaron\\Seafile\\GSPCD_Science\\8025-NMR Thermometry\\ethylene-glycol-phantom-thermometry\\data\\1.5T\\run-04_thermometry_temperature_map.nii.gz",
  "magnetic_field_tesla": 1.495853808527938,
  "analysis_method": "regionwise_bootstrap",
  "n_bootstrap": 100,
  "echo_times": [
    0.0017900000000000001,
    0.00268,
    0.00417,
    0.005059999999999999,
    0.006549999999999999,
    0.00744,
    0.00893,
    0.00982,
    0.01131,
    0.012199999999999999,
    0.013689999999999999,
    0.01458,
    0.01607,
    0.01696,
    0.018449999999999998,
    0.01934,
    0.020829999999999998,
    0.02172,
    0.02321,
    0.0241,
    0.025589999999999998,
    0.02648,
    0.02797,
    0.02886
  ],
  "report": [
    {
      "id": 1,
      "temperature": 16.28126821082221,
      "temperature_uncertainty": [
        0.5405016558711792,
        1
      ],
      "r_squared": [
        0.9890121136196154,
        0.9894109986930671,
        0.9885954663103316,
        0.9906671103265242,
        0.9885954663103316,
        0.9902415867212754,
        0.9839485260217766,
        0.9897101254228138,
        0.9911877190614343,
        0.9911877190614343,
        0.9877094903860698,
        0.990696945206687,
        0.9908024055745012,
        0.9908024055745012,
        0.9890121136196154,
        0.9881369031074642,
        0.9885954663103316,
        0.9885954663103316,
        0.9913090476992052,
        0.9902415867212754,
        0.9913090476992052,
        0.9917833640416462,
        0.9913090476992052,
        0.9831915654486589,
        0.990696945206687,
        0.9845090886736065,
        0.9910255485220477,
        0.9902415867212754,
        0.9890121136196154,
        0.9860003339283754,
        0.9894109986930671,
        0.9877094903860698,
        0.986102289689477,
        0.9881369031074642,
        0.9891807424357995,
        0.9880540604837876,
        0.9908024055745012,
        0.9913090476992052,
        0.9911877190614343,
        0.9880540604837876,
        0.9905990094305331,
        0.9845090886736065,
        0.9902731209371819,
        0.9913090476992052,
        0.9910255485220477,
        0.9910255485220477,
        0.9897101254228138,
        0.990696945206687,
        0.9877094903860698,
        0.9894109986930671,
        0.9885954663103316,
        0.9831915654486589,
        0.9906671103265242,
        0.9831915654486589,
        0.9890121136196154,
        0.9831967950832625,
        0.9885954663103316,
        0.9913090476992052,
        0.9894109986930671,
        0.9913090476992052,
        0.9902415867212754,
        0.990696945206687,
        0.9910691269197575,
        0.9886771597116826,
        0.9902731209371819,
        0.9885954663103316,
        0.9906671103265242,
        0.9860003339283754,
        0.986102289689477,
        0.9910691269197575,
        0.9913090476992052,
        0.9902415867212754,
        0.9911877190614343,
        0.986102289689477,
        0.9877094903860698,
        0.9897101254228138,
        0.9898960668364113,
        0.9917833640416462,
        0.9890121136196154,
        0.9908024055745012,
        0.9910691269197575,
        0.9845090886736065,
        0.9885954663103316,
        0.990696945206687,
        0.9910691269197575,
        0.9917833640416462,
        0.9894109986930671,
        0.9890121136196154,
        0.9910691269197575,
        0.990696945206687,
        0.9910691269197575,
        0.9920697164642638,
        0.9905990094305331,
        0.9894109986930671,
        0.9902731209371819,
        0.990696945206687,
        0.9881369031074642,
        0.9845090886736065,
        0.9910255485220477,
        0.9913090476992052
      ],
      "region_size": 4,
      "region_temperature_values": [
        16.318064703976432,
        16.748547517571637,
        16.848624349000062,
        16.801482175184987,
        16.848624349000062,
        16.710651652333667,
        16.61987213802081,
        14.95549696424996,
        15.686745164967675,
        15.686745164967675,
        16.131610573502257,
        15.604156618774539,
        16.18808511540354,
        16.18808511540354,
        16.318064703976432,
        16.24256786558402,
        16.848624349000062,
        16.848624349000062,
        16.2463810408766,
        16.710651652333667,
        16.2463810408766,
        16.24674677817319,
        16.2463810408766,
        16.319026832746744,
        15.604156618774539,
        16.969754751772825,
        14.985837963902043,
        16.710651652333667,
        16.318064703976432,
        16.69808236694243,
        16.748547517571637,
        16.131610573502257,
        16.790265027512646,
        16.24256786558402,
        16.181583571578386,
        16.664182199917747,
        16.18808511540354,
        16.2463810408766,
        15.686745164967675,
        16.664182199917747,
        16.759058674450614,
        16.969754751772825,
        15.589718794318372,
        16.2463810408766,
        14.985837963902043,
        14.985837963902043,
        14.95549696424996,
        15.604156618774539,
        16.131610573502257,
        16.748547517571637,
        16.848624349000062,
        16.319026832746744,
        16.801482175184987,
        16.319026832746744,
        16.318064703976432,
        16.901040946493055,
        16.848624349000062,
        16.2463810408766,
        16.748547517571637,
        16.2463810408766,
        16.710651652333667,
        15.604156618774539,
        16.31364146333169,
        16.90974085209237,
        15.589718794318372,
        16.848624349000062,
        16.801482175184987,
        16.69808236694243,
        16.790265027512646,
        16.31364146333169,
        16.2463810408766,
        16.710651652333667,
        15.686745164967675,
        16.790265027512646,
        16.131610573502257,
        14.95549696424996,
        16.85648284888549,
        16.24674677817319,
        16.318064703976432,
        16.18808511540354,
        16.31364146333169,
        16.969754751772825,
        16.848624349000062,
        15.604156618774539,
        16.31364146333169,
        16.24674677817319,
        16.748547517571637,
        16.318064703976432,
        16.31364146333169,
        15.604156618774539,
        16.31364146333169,
        15.6611057887676,
        16.759058674450614,
        16.748547517571637,
        15.589718794318372,
        15.604156618774539,
        16.24256786558402,
        16.969754751772825,
        14.985837963902043,
        16.2463810408766
      ],