{
  "input_files": [
    "E:\\Users\\Aaron\\Seafile\\GSPCD_Science\\8025-NMR Thermometry\\ethylene-glycol-phantom-thermometry\\data\\1.5T\\Spirit_run7_35_1_gre_brain_therm_TE179_20250917152932_AdjGre_1.nii.gz",
    "E:\\Users\\Aaron\\Seafile\\GSPCD_Science\\8025-NMR Thermometry\\ethylene-glycol-phantom-thermometry\\data\\1.5T\\Spirit_run7_36_1_gre_brain_therm_TE268_20250917152932_AdjGre_1.nii.gz"
  ],
  "segmentation_file": "E:\\Users\\Aaron\\Seafile\\GSPCD_Science\\8025-NMR Thermometry\\ethylene-glycol-phantom-thermometry\\data\\1.5T\\segmentation.nii.gz",
  "output_file": "E:\\Users\\Aaron\\Seafile\\GSPCD_Science\\8025-NMR Thermometry\\ethylene-glycol-phantom-thermometry\\data\\1.5T\\run-07_thermometry_temperature_map.nii.gz",
  "magnetic_field_tesla": 1.4958534797156091,
  "analysis_method": "regionwise_bootstrap",
  "n_bootstrap": 100,
  "echo_times": [
    0.0017900000000000001,
    0.00268,
    0.00417,
    0.005059999999999999,
    0.006549999999999999,
    0.00744,
    0.00893,
    0.00982,
    0.01131,
    0.012199999999999999,
    0.013689999999999999,
    0.01458,
    0.01607,
    0.01696,
    0.018449999999999998,
    0.01934,
    0.020829999999999998,
    0.02172,
    0.02321,
    0.0241,
    0.025589999999999998,
    0.02648,
    0.02797,
    0.02886
  ],
  "report": [
    {
      "id": 1,
      "temperature": 18.019945918413864,
      "temperature_uncertainty": [
        2.545534269486217,
        1
      ],
      "r_squared": [
        0.9180132331898607,
        0.9435569815256653,
        0.7939063975054454,
        0.9836174202993059,
        0.7939063975054454,
        0.9912191628966905,
        0.9546700672600605,
        0.9607710135915876,
        0.9795727799723147,
        0.9795727799723147,
        0.9866012380135722,
        0.9795257733635186,
        0.9951302578610951,
        0.9951302578610951,
        0.9180132331898607,
        0.8190644538355648,
        0.7939063975054454,
        0.7939063975054454,
        0.9897024200508948,
        0.9912191628966905,
        0.9897024200508948,
        0.9803213692069306,
        0.9897024200508948,
        0.7283440437422128,
        0.9795257733635186,
        0.6763344801566427,
        0.968159011720635,
        0.9912191628966905,
        0.9180132331898607,
        0.8775995593978906,
        0.9435569815256653,
        0.9866012380135722,
        0.6919352519130979,
        0.8190644538355648,
        0.9472997833561287,
        0.9847681778167965,
        0.9951302578610951,
        0.9897024200508948,
        0.9795727799723147,
        0.9847681778167965,
        0.9737592142578433,
        0.6763344801566427,
        0.9899691401351303,
        0.9897024200508948,
        0.968159011720635,
        0.968159011720635,
        0.9607710135915876,
        0.9795257733635186,
        0.9866012380135722,
        0.9435569815256653,
        0.7939063975054454,
        0.7283440437422128,
        0.9836174202993059,
        0.7283440437422128,
        0.9180132331898607,
        0.6634587468656218,
        0.7939063975054454,
        0.9897024200508948,
        0.9435569815256653,
        0.9897024200508948,
        0.9912191628966905,
        0.9795257733635186,
        0.9859217133432046,
        0.8971558517668416,
        0.9899691401351303,
        0.7939063975054454,
        0.9836174202993059,
        0.8775995593978906,
        0.6919352519130979,
        0.9859217133432046,
        0.9897024200508948,
        0.9912191628966905,
        0.9795727799723147,
        0.6919352519130979,
        0.9866012380135722,
        0.9607710135915876,
        0.9751943546147303,
        0.9803213692069306,
        0.9180132331898607,
        0.9951302578610951,
        0.9859217133432046,
        0.6763344801566427,
        0.7939063975054454,
        0.9795257733635186,
        0.9859217133432046,
        0.9803213692069306,
        0.9435569815256653,
        0.9180132331898607,
        0.9859217133432046,
        0.9795257733635186,
        0.9859217133432046,
        0.9781578536434489,
        0.9737592142578433,
        0.9435569815256653,
        0.9899691401351303,
        0.9795257733635186,
        0.8190644538355648,
        0.6763344801566427,
        0.968159011720635,
        0.9897024200508948
      ],
      "region_size": 4,
      "region_temperature_values": [
        18.761765249283258,
        15.080916845678559,
        15.842393504210037,
        15.446452811548909,
        15.842393504210037,
        15.614181891147126,
        14.671944556495816,
        24.880604032320917,
        21.7661873684105,
        21.7661873684105,
        15.76423037794845,
        18.266027508814517,
        16.5814486464281,
        16.5814486464281,
        18.761765249283258,
        18.949020719853337,
        15.842393504210037,
        15.842393504210037,
        16.734604776341172,
        15.614181891147126,
        16.734604776341172,
        19.312192909991552,
        16.734604776341172,
        61.00429633212292,
        18.266027508814517,
        78.62457675384654,
        22.589513002216705,
        15.614181891147126,
        18.761765249283258,
        14.846770288752055,
        15.080916845678559,
        15.76423037794845,
        16.19343945071418,
        18.949020719853337,
        16.410876051846486,
        14.91073675081293,
        16.5814486464281,
        16.734604776341172,
        21.7661873684105,
        14.91073675081293,
        18.268090893261558,
        78.62457675384654,
        17.919770119876574,
        16.734604776341172,
        22.589513002216705,
        22.589513002216705,
        24.880604032320917,
        18.266027508814517,
        15.76423037794845,
        15.080916845678559,
        15.842393504210037,
        61.00429633212292,
        15.446452811548909,
        61.00429633212292,
        18.761765249283258,
        77.79793704922967,
        15.842393504210037,
        16.734604776341172,
        15.080916845678559,
        16.734604776341172,
        15.614181891147126,
        18.266027508814517,
        19.404915421690248,
        16.088603286746093,
        17.919770119876574,
        15.842393504210037,
        15.446452811548909,
        14.846770288752055,
        16.19343945071418,
        19.404915421690248,
        16.734604776341172,
        15.614181891147126,
        21.7661873684105,
        16.19343945071418,
        15.76423037794845,
        24.880604032320917,
        17.801996522059625,
        19.312192909991552,
        18.761765249283258,
        16.5814486464281,
        19.404915421690248,
        78.62457675384654,
        15.842393504210037,
        18.266027508814517,
        19.404915421690248,
        19.312192909991552,
        15.080916845678559,
        18.761765249283258,
        19.404915421690248,
        18.266027508814517,
        19.404915421690248,
        20.74076415683976,
        18.268090893261558,
        15.080916845678559,
        17.919770119876574,
        18.266027508814517,
        18.949020719853337,
        78.62457675384654,
        22.589513002216705,
        16.734604776341172
      ],